{"trial_id": "583b5bdb71475152c42e962f9332ece3", "hyperparameters": {"space": [{"class_name": "Int", "config": {"name": "conv_1_filter", "default": null, "conditions": [], "min_value": 32, "max_value": 128, "step": 16, "sampling": null}}, {"class_name": "Choice", "config": {"name": "conv_1_kernel", "default": 3, "conditions": [], "values": [3, 5], "ordered": true}}, {"class_name": "Int", "config": {"name": "conv_2_filter", "default": null, "conditions": [], "min_value": 32, "max_value": 64, "step": 16, "sampling": null}}, {"class_name": "Choice", "config": {"name": "conv_2_kernel", "default": 3, "conditions": [], "values": [3, 5], "ordered": true}}, {"class_name": "Int", "config": {"name": "dense_1_units", "default": null, "conditions": [], "min_value": 32, "max_value": 128, "step": 16, "sampling": null}}, {"class_name": "Choice", "config": {"name": "learning_rate", "default": 0.01, "conditions": [], "values": [0.01, 0.001], "ordered": true}}], "values": {"conv_1_filter": 96, "conv_1_kernel": 3, "conv_2_filter": 64, "conv_2_kernel": 3, "dense_1_units": 80, "learning_rate": 0.01}}, "metrics": {"metrics": {"loss": {"direction": "min", "observations": [{"value": [0.4667423963546753], "step": 0}]}, "accuracy": {"direction": "max", "observations": [{"value": [0.8899258971214294], "step": 0}]}, "val_loss": {"direction": "min", "observations": [{"value": [0.39458394050598145], "step": 0}]}, "val_accuracy": {"direction": "max", "observations": [{"value": [0.8806666731834412], "step": 0}]}}}, "score": 0.8806666731834412, "best_step": 0, "status": "COMPLETED"}