{"trial_id": "dbe834b71a5c4da3d83f74a97994e48d", "hyperparameters": {"space": [{"class_name": "Int", "config": {"name": "conv_1_filter", "default": null, "conditions": [], "min_value": 32, "max_value": 128, "step": 16, "sampling": null}}, {"class_name": "Choice", "config": {"name": "conv_1_kernel", "default": 3, "conditions": [], "values": [3, 5], "ordered": true}}, {"class_name": "Int", "config": {"name": "conv_2_filter", "default": null, "conditions": [], "min_value": 32, "max_value": 64, "step": 16, "sampling": null}}, {"class_name": "Choice", "config": {"name": "conv_2_kernel", "default": 3, "conditions": [], "values": [3, 5], "ordered": true}}, {"class_name": "Int", "config": {"name": "dense_1_units", "default": null, "conditions": [], "min_value": 32, "max_value": 128, "step": 16, "sampling": null}}, {"class_name": "Choice", "config": {"name": "learning_rate", "default": 0.01, "conditions": [], "values": [0.01, 0.001], "ordered": true}}], "values": {"conv_1_filter": 112, "conv_1_kernel": 5, "conv_2_filter": 48, "conv_2_kernel": 3, "dense_1_units": 112, "learning_rate": 0.001}}, "metrics": {"metrics": {"loss": {"direction": "min", "observations": [{"value": [0.3967301845550537], "step": 0}]}, "accuracy": {"direction": "max", "observations": [{"value": [0.9236481189727783], "step": 0}]}, "val_loss": {"direction": "min", "observations": [{"value": [0.29442480206489563], "step": 0}]}, "val_accuracy": {"direction": "max", "observations": [{"value": [0.9036666750907898], "step": 0}]}}}, "score": 0.9036666750907898, "best_step": 0, "status": "COMPLETED"}