{"ongoing_trials": {}, "hyperparameters": {"space": [{"class_name": "Int", "config": {"name": "conv_1_filter", "default": null, "conditions": [], "min_value": 32, "max_value": 128, "step": 16, "sampling": null}}, {"class_name": "Choice", "config": {"name": "conv_1_kernel", "default": 3, "conditions": [], "values": [3, 5], "ordered": true}}, {"class_name": "Int", "config": {"name": "conv_2_filter", "default": null, "conditions": [], "min_value": 32, "max_value": 64, "step": 16, "sampling": null}}, {"class_name": "Choice", "config": {"name": "conv_2_kernel", "default": 3, "conditions": [], "values": [3, 5], "ordered": true}}, {"class_name": "Int", "config": {"name": "dense_1_units", "default": null, "conditions": [], "min_value": 32, "max_value": 128, "step": 16, "sampling": null}}, {"class_name": "Choice", "config": {"name": "learning_rate", "default": 0.01, "conditions": [], "values": [0.01, 0.001], "ordered": true}}], "values": {"conv_1_filter": 32, "conv_1_kernel": 3, "conv_2_filter": 32, "conv_2_kernel": 3, "dense_1_units": 32, "learning_rate": 0.01}}, "seed": 1612, "seed_state": 1642, "tried_so_far": ["34fb34f6a2cb1651956065e7f19145db", "6adaebd4a0ad13702924e57380edaa7f", "d684c305000042cc7680390d0aaf7280", "7d39bef76ab8c155a6808ea6b6fdfc6d", "2890c3865d2588660c3e928468ec5839"]}