{"trial_id": "0957cb6c30ffc69213d98ccf0212be11", "hyperparameters": {"space": [{"class_name": "Int", "config": {"name": "conv_1_filter", "default": null, "conditions": [], "min_value": 32, "max_value": 128, "step": 16, "sampling": null}}, {"class_name": "Choice", "config": {"name": "conv_1_kernel", "default": 3, "conditions": [], "values": [3, 5], "ordered": true}}, {"class_name": "Int", "config": {"name": "conv_2_filter", "default": null, "conditions": [], "min_value": 32, "max_value": 64, "step": 16, "sampling": null}}, {"class_name": "Choice", "config": {"name": "conv_2_kernel", "default": 3, "conditions": [], "values": [3, 5], "ordered": true}}, {"class_name": "Int", "config": {"name": "dense_1_units", "default": null, "conditions": [], "min_value": 32, "max_value": 128, "step": 16, "sampling": null}}, {"class_name": "Choice", "config": {"name": "learning_rate", "default": 0.01, "conditions": [], "values": [0.01, 0.001], "ordered": true}}], "values": {"conv_1_filter": 48, "conv_1_kernel": 5, "conv_2_filter": 32, "conv_2_kernel": 5, "dense_1_units": 80, "learning_rate": 0.001}}, "metrics": {"metrics": {"loss": {"direction": "min", "observations": [{"value": [0.4214136600494385], "step": 0}]}, "accuracy": {"direction": "max", "observations": [{"value": [0.9158333539962769], "step": 0}]}, "val_loss": {"direction": "min", "observations": [{"value": [0.35289913415908813], "step": 0}]}, "val_accuracy": {"direction": "max", "observations": [{"value": [0.909500002861023], "step": 0}]}}}, "score": 0.909500002861023, "best_step": 0, "status": "COMPLETED"}