{"trial_id": "d7e613b0085cbe47d4d77bdd821fbff5", "hyperparameters": {"space": [{"class_name": "Int", "config": {"name": "conv_1_filter", "default": null, "conditions": [], "min_value": 32, "max_value": 128, "step": 16, "sampling": null}}, {"class_name": "Choice", "config": {"name": "conv_1_kernel", "default": 3, "conditions": [], "values": [3, 5], "ordered": true}}, {"class_name": "Int", "config": {"name": "conv_2_filter", "default": null, "conditions": [], "min_value": 32, "max_value": 64, "step": 16, "sampling": null}}, {"class_name": "Choice", "config": {"name": "conv_2_kernel", "default": 3, "conditions": [], "values": [3, 5], "ordered": true}}, {"class_name": "Int", "config": {"name": "dense_1_units", "default": null, "conditions": [], "min_value": 32, "max_value": 128, "step": 16, "sampling": null}}, {"class_name": "Choice", "config": {"name": "learning_rate", "default": 0.01, "conditions": [], "values": [0.01, 0.001], "ordered": true}}], "values": {"conv_1_filter": 48, "conv_1_kernel": 5, "conv_2_filter": 48, "conv_2_kernel": 5, "dense_1_units": 48, "learning_rate": 0.001}}, "metrics": {"metrics": {"loss": {"direction": "min", "observations": [{"value": [0.42737793922424316], "step": 0}]}, "accuracy": {"direction": "max", "observations": [{"value": [0.914814829826355], "step": 0}]}, "val_loss": {"direction": "min", "observations": [{"value": [0.3133954405784607], "step": 0}]}, "val_accuracy": {"direction": "max", "observations": [{"value": [0.9039999842643738], "step": 0}]}}}, "score": 0.9039999842643738, "best_step": 0, "status": "COMPLETED"}